ano;mes;processo_numero;solicitacao_data;solicitacao_hora;solicitacao_descricao;solicitacao_regional;solicitacao_bairro;solicitacao_localidade;solicitacao_endereco;solicitacao_roteiro;rpa_codigo;rpa_nome;solicitacao_microrregiao;solicitacao_plantao;solicitacao_origem_chamado;latitude;longitude;solicitacao_vitimas;solicitacao_vitimas_fatais;processo_situacao;processo_tipo;processo_origem;processo_localizacao;processo_status;processo_data_conclusao
2023;03-marco;8024764523;29/03/2023;08:50;Colocação de lonas plásticas e capinação na barreira.;NORTE;AGUA FRIA;CGO. SAO SEBASTIAO;RUA JOSÉ MANUEL DE LIMA, N87 A E B;PRÓXIMO AO TERMINAL DE ONIBUS DE ÁGUA FRIA;2;2-NORTE;2.2;Não;Ocorrências;;;Não;Não;execucao;ATENDIMENTO;;SEDEC - GERÊNCIA REGIONAL NORTE;TRAMITAÇÃO;
2023;03-marco;8024834323;29/03/2023;09:53;USUARIO SOLICITA VISTORIA USUARIO INFORMA QUE AGUA DE RESIDENCIA VIZINHA ESTA SENDO INFILTRADA NO SEU QUARTO;NORTE;AGUA FRIA;ALTO DO COTO;RUA DA JAQUEIRA, N105;PROXIMO AO MERCADINHO PETOLA NAO SOUBE INFORMAR LOCALIDADE;2;2-NORTE;2.2;Não;Ocorrências;;;Não;Não;execucao;ATENDIMENTO;;SEDEC - GERÊNCIA REGIONAL NORTE;TRAMITAÇÃO;
2023;03-marco;8024852123;29/03/2023;10:08;USUARIO SOLICITA COLOCAÇÃO DE LONA PLASTICA.PRECISA CAPINAÇÃO. BARREIRA MEDIA.;NORTE;AGUA FRIA;CGO. DO DEODATO;RUA CGO DEODADATO,47;PROX MERCADINHO PETALA;2;2-NORTE;2.2;Não;Ocorrências;;;Não;Não;execucao;ATENDIMENTO;;SEDEC - GERÊNCIA REGIONAL NORTE;TRAMITAÇÃO;
2023;03-marco;8025076523;29/03/2023;13:47;USUÁRIA SOLICITA LONA, BARREIRA NAO PRECISA DE CAPINAÇÃO.;NORTE;AGUA FRIA;CGO. SAO JOSE;RUA SAO JOSE N 209;APOS PARACINHA APOS A PRIMEIRA PONTE;2;2-NORTE;2.2;Não;Ocorrências;;;Não;Não;execucao;ATENDIMENTO;;SEDEC - GERÊNCIA REGIONAL NORTE;TRAMITAÇÃO;
2023;03-marco;8025119623;29/03/2023;14:28;usuaria solicita vistoria para a barreira que esta esta escorrendo água.;NORTE;AGUA FRIA;ALTO DO PEREIRINHA;rua subida do mercúrio.  n  44 c;perto do terminal  onde tem uma farmácia dona Farma;2;2-NORTE;2.2;Não;Ocorrências;;;Não;Não;execucao;ATENDIMENTO;;SEDEC - GERÊNCIA REGIONAL NORTE;TRAMITAÇÃO;
2023;03-marco;8025214923;29/03/2023;15:52;USUARIO SOLICITA A COLOCAÇAO DA LONA;NORTE;AGUA FRIA;ALTO DO COTO;RUA PROFESSORA LOURDES DUTRA N188;PROXIMO DO SUPER MERCADO SOBERANO;2;2-NORTE;2.2;Não;Ocorrências;;;Não;Não;execucao;ATENDIMENTO;;SEDEC - GERÊNCIA REGIONAL NORTE;TRAMITAÇÃO;
2023;03-marco;8024954923;29/03/2023;11:17;USUARIO SOLICITA COLOCAÇAO DE LONAS PLASTICAS E CAPINAÇAO;NOROESTE;ALTO JOSE BONIFACIO;CGO. JOSE GRANDE;RUA CORREGO JOSE GRANDE, N26;PROXIMO AO TERMINAL DE ONIBUS DE BOMBA DO HEMETERIO;3;3-NOROESTE;3.2;Não;Ocorrências;;;Não;Não;execucao;ATENDIMENTO;;SEDEC - GERÊNCIA REGIONAL NOROESTE;TRAMITAÇÃO;
2023;03-marco;8025011023;29/03/2023;12:24;USUÁRIA SOLICITA LONA, BARREIRA NAO PRECISA DE CAPINAÇÃO.;NOROESTE;ALTO JOSE BONIFACIO;ALTO DA SAUDADE;RUA ALTO DA SAUDADE N 3727;NO FINAL DO ALTO DA SAUDADE APOS O BAR DE NINHA;3;3-NOROESTE;3.2;Não;Ocorrências;;;Não;Não;execucao;ATENDIMENTO;;SEDEC - GERÊNCIA REGIONAL NOROESTE;TRAMITAÇÃO;
2023;03-marco;8024731023;29/03/2023;07:50;USUARIO SOLICITA VISTORIA EM SUA RESIDENCIAUSUARIO INFORMA QUE CALHA DE RESIDENCIA VIZINHA ESTA ENTUPIDA E AGUA ESTA INVADINDO SUA RESIDENCIA, SITUAÇAO AGRAVOU/ SE APOS FORTES CHUVAS.;NOROESTE;ALTO JOSE DO PINHO;ALTO JOSE DO PINHO;RUA IRAPIRANGA, N117;RUA EM FRENTE AO TERMINAL DE ONIBUS;3;3-NOROESTE;3.2;Sim;Ocorrências;;;Não;Não;execucao;ATENDIMENTO;;SEDEC - GERÊNCIA REGIONAL NOROESTE;TRAMITAÇÃO;
2023;03-marco;8025203723;29/03/2023;15:48;USUARIO SOLICITA A COLOCAÇAO DA LONA E CAPINAÇAO;NOROESTE;ALTO JOSE DO PINHO;ALTO JOSE DO PINHO;RUA LAGE DE UNA N98;PROXIMO DO SESC;3;3-NOROESTE;3.2;Não;Ocorrências;;;Não;Não;execucao;ATENDIMENTO;;SEDEC - GERÊNCIA REGIONAL NOROESTE;TRAMITAÇÃO;
2023;03-marco;8025096623;29/03/2023;14:04;USUARIO SOLICITA A COLOCAÇAO DA LONA;NORTE;ALTO SANTA TEREZINHA;ALTO SANTA TEREZINHA;RUA PARAIBA N32;PROXIMO DO MERCADINHO FERNANDO;3;3-NOROESTE;3.1;Não;Ocorrências;;;Não;Não;execucao;ATENDIMENTO;;SEDEC - GERÊNCIA REGIONAL NORTE;TRAMITAÇÃO;
2023;03-marco;8025208923;29/03/2023;15:51;vistoria para barreira . usuario disse que a defesa civil passou pelo local e pediu pra ele ligar marcando vistoria.;NORTE;ALTO SANTA TEREZINHA;ALTO SANTA TEREZINHA;rua alto do brasil  n  521;proximo a ponto certo;3;3-NOROESTE;3.1;Não;Ocorrências;;;Não;Não;execucao;ATENDIMENTO;;SEDEC - GERÊNCIA REGIONAL NORTE;TRAMITAÇÃO;
2023;03-marco;8025211023;29/03/2023;15:51;USUÁRIA SOLICITA LONA, BARREIRA NAO PRECISA DE CAPINAÇÃO.;NORTE;ALTO SANTA TEREZINHA;ALTO SANTA TEREZINHA;RUA ALTO DO BRASIL N 2175;PROXIMO A ASSEMBLEIA DE DEUS;3;3-NOROESTE;3.1;Não;Ocorrências;;;Não;Não;execucao;ATENDIMENTO;;SEDEC - GERÊNCIA REGIONAL NORTE;TRAMITAÇÃO;
2023;03-marco;8025167023;29/03/2023;15:14;Capinação na barreira;NOROESTE;APIPUCOS;APIPUCOS;RUA DA LEVADA 106;APÓS O COLEGIO SILVA CARNEIRO.;5;5-SUDOESTE;5.2;Não;Ocorrências;;;Não;Não;execucao;ATENDIMENTO;;SEDEC - GERÊNCIA REGIONAL NOROESTE;TRAMITAÇÃO;
2023;03-marco;8024797023;29/03/2023;09:15;SOLICITA A VISTORIA EM IMOVEL ONDE EXISTE UMA ESCADA DE PASSAGEM DENTRO DA RESIDENCIA, COM VIGAS EXPOSTAS. COM RISCO EMINENTE DE DESABAMENTO.;NORTE;BEBERIBE;PORTO DA MADEIRA;RUA MARAJÓ, 108;PROXIMO AO MERCADINHO SANTO ANDRE;6;6-SUL;6.1;Não;Ocorrências;;;Não;Não;execucao;ATENDIMENTO;;SEDEC - GERÊNCIA REGIONAL NORTE;TRAMITAÇÃO;
2023;03-marco;8024876823;29/03/2023;10:20;USUARIO INFORMA QUE COQUEIRO QUE ESTA POR TRAS DE SUA CASA ESTA MUITO ALTO E CARREGADO COLOCANDO EM RISCO CASA DO VIZINHO ,SOLICITA VISTORIA.;NORTE;BEBERIBE;PORTO DA MADEIRA;RUA JUDITE  N 270;PROXIMO AO TERMINAL DO ONIBUS DO ALTO SANTA TEREZINHA TERMINAL DO CEU;6;6-SUL;6.1;Não;Ocorrências;;;Não;Não;execucao;ATENDIMENTO;;SEDEC - GERÊNCIA REGIONAL NORTE;TRAMITAÇÃO;
2023;03-marco;8025004423;29/03/2023;12:17;SR SOLICITA PARCERIA PARA A CONSTRUÇAO DA BARREIRA;NORTE;BEBERIBE;PORTO DA MADEIRA;1TR PARANA D  OESTE N99;PROXIMO DA TRCNO NET;6;6-SUL;6.1;Não;Ocorrências;;;Não;Não;execucao;ATENDIMENTO;;SEDEC - GERÊNCIA REGIONAL NORTE;TRAMITAÇÃO;
2023;03-marco;8024821923;29/03/2023;09:37;USUARIO SOLICITA VISTORIA EM SEU PREDIOUSUARIO INFORMA QUE OBRA PROXIMO A SUA RESIDENCIA PODE ESTAR CAUSANDO DANOS;PLANICIE;BOA VIAGEM;BOA VIAGEM;RUA CORONEL BENEDITO CHAVES, N58;PROXIMO A RUA DO CASTELINHO;1;1-CENTRO;1.2;Não;Ocorrências;;;Não;Não;execucao;ATENDIMENTO;;SEDEC - GERÊNCIA REGIONAL PLANICIE;TRAMITAÇÃO;
2023;03-marco;8024818823;29/03/2023;09:34;USUARIO SOLICITA COLOCAÇÃO DE LONA PLASTICA.  BARREIRA ALTA.;NORTE;BOMBA DO HEMETERIO;CGO. PASTOR BENOBY;RUA PASTOROBENOBY, 512;PROX OFICINA DE GERA;5;5-SUDOESTE;5.1;Não;Ocorrências;;;Não;Não;execucao;ATENDIMENTO;;SEDEC - GERÊNCIA REGIONAL NORTE;TRAMITAÇÃO;
2023;03-marco;8024994023;29/03/2023;12:06;USUARIO SOLICITA REPOSICAO DELONA EM BARREIRA DE MEDIO PORTE NAO É NECESSARIO CAPINACAO.;NORTE;BOMBA DO HEMETERIO;BOMBA DO HEMETERIO;RUA AUREA N 375;PROXIMO AO CLUBE TEIMOSO;5;5-SUDOESTE;5.1;Não;Ocorrências;;;Não;Não;execucao;ATENDIMENTO;;SEDEC - GERÊNCIA REGIONAL NORTE;TRAMITAÇÃO;
2023;03-marco;8024778623;29/03/2023;09:04;USUARIO SOLICITA COLOCAÇÃO DE LONA PLASTICA.PRECISA CAPINAÇÃO. BARREIRA PEQUENA.;NORDESTE;BREJO DA GUABIRABA;ALTO DAS PEDRINHAS;RUA PIRAUA,08;NA ENTRADA DO BECO DE MANE JAVAI E PROX MERCADINHO DOIS IRMÃOS;3;3-NOROESTE;3.3;Não;Ocorrências;;;Não;Não;execucao;ATENDIMENTO;;SEDEC - GERÊNCIA REGIONAL NORDESTE;TRAMITAÇÃO;
2023;03-marco;8024894623;29/03/2023;10:28;USUARIO SOLICITA COLOCAÇÃO DE LONA PLASTICA.PRECISA CAPINAÇÃO. BARREIRA ALTA.;NORDESTE;BREJO DA GUABIRABA;ALTO DAS PEDRINHAS;RUA PIRAUA,272;APOS ESCOLA RAIO DE  SOL;3;3-NOROESTE;3.3;Não;Ocorrências;;;Não;Não;execucao;ATENDIMENTO;;SEDEC - GERÊNCIA REGIONAL NORDESTE;TRAMITAÇÃO;
2023;03-marco;8024980023;29/03/2023;11:42;USUÁRIO SOLICITA VISTORIA PARA PROGRAMA DE PARCERIA.;NORDESTE;BREJO DA GUABIRABA;ALTO DAS PEDRINHAS;RUA DES RENATO FONSECA N 86B;APOS A SEDE DO COMUNIDADES UINIDAS;3;3-NOROESTE;3.3;Não;Ocorrências;;;Não;Não;execucao;ATENDIMENTO;;SEDEC - GERÊNCIA REGIONAL NORDESTE;TRAMITAÇÃO;
2023;03-marco;8025225023;29/03/2023;16:02;SOLICITA A COLOCAÇAO DE LONA.;NORDESTE;BREJO DA GUABIRABA;ALTO DAS PEDRINHAS;RUA PAULINIA N75;PRÓXIMO A CRECHE DEUS CONOSCO E A BARRACA JEOVÁ;3;3-NOROESTE;3.3;Não;Ocorrências;;;Não;Não;execucao;ATENDIMENTO;;SEDEC - GERÊNCIA REGIONAL NORDESTE;TRAMITAÇÃO;
2023;03-marco;8025172423;29/03/2023;15:17;SR SOLICITA PARCERIA PARA CONCRETAR A RUA;PLANICIE;CACOTE;CACOTE;RUA GEO SERAFIM N130;PROXIMO DA PADARIA DE GALEGO;2;2-NORTE;2.2;Não;Ocorrências;;;Não;Não;execucao;ATENDIMENTO;;SEDEC - GERÊNCIA REGIONAL PLANICIE;TRAMITAÇÃO;
2023;03-marco;8025216123;29/03/2023;15:52;parceria muro de arrimo;PLANICIE;CASA AMARELA;CASA AMARELA;Rua vencedora n 40;apos a assembleia de Deus;3;3-NOROESTE;3.1;Não;Ocorrências;;;Não;Não;execucao;ATENDIMENTO;;SEDEC - GERÊNCIA REGIONAL PLANICIE;TRAMITAÇÃO;
2023;03-marco;8024843223;29/03/2023;10:00;USUARIO SOLICITA COLOCAÇAO DE LONAS PLASTICAS;PLANICIE;CGO. DO JENIPAPO;CGO. DO JENIPAPO;CORREGO DO MARRECO, N134A;APOS A IGREJA ASSEMBLEIA DE DEUS;1;1-CENTRO;1.3;Não;Ocorrências;;;Não;Não;execucao;ATENDIMENTO;;SEDEC - GERÊNCIA REGIONAL PLANICIE;TRAMITAÇÃO;
2023;03-marco;8024964423;29/03/2023;11:26;USUARIO SOLICITA COLOCAÇAO DE LONAS PLASTICAS;OESTE;COHAB;VILA DO MILAGRES;RUA ENGENHO NOROEGA, N20;PROXIMO A IGREJA ASSEMBLEIA DE DEUS NAO SOUBE INFORMAR LOCALIDADE;4;4-NORDESTE;4.1;Não;Ocorrências;;;Não;Não;execucao;ATENDIMENTO;;SEDEC - GERÊNCIA REGIONAL OESTE;TRAMITAÇÃO;
2023;03-marco;8024794123;29/03/2023;09:14;USUARIO SOLICITA COLOCAÇAO DE LONAS PLASTICAS;NORDESTE;DOIS IRMAOS;CGO. DA FORTUNA;SITIO SAPUCAIA, N06;PROXIMO AO BAR DE ZE RISADINHA;2;2-NORTE;2.3;Não;Ocorrências;;;Não;Não;execucao;ATENDIMENTO;;SEDEC - GERÊNCIA REGIONAL NORDESTE;TRAMITAÇÃO;
2023;03-marco;8024841023;29/03/2023;09:57;USUARIO SOLICITA VISTORIA PARA INFILTRAÇAO E TAMBEM SOLICITA CAPINAÇAO EM BARREIRA;NORDESTE;DOIS IRMAOS;CGO. DA FORTUNA;RUA MANOEL DE MEDEIROS, USUARIO NAO SOUBE INFORMAR NUMERO;PROXIMO A ESCOLA LIONS DE PARNAMIRIMNAO SOUBE INFORMAR LOCALIDADE;2;2-NORTE;2.3;Não;Ocorrências;;;Não;Não;execucao;ATENDIMENTO;;SEDEC - GERÊNCIA REGIONAL NORDESTE;TRAMITAÇÃO;
2023;03-marco;8024937723;29/03/2023;10:55;USUARIO SOLICITA COLOCAÇAO DE LONAS PLASTICAS E CAPINAÇAO EM BARREIRA DE GRANDE PORTE;NORDESTE;DOIS IRMAOS;SITIO DOS PINTOS;TRAVESSA ALTO SAO JOSE, N250;APOS O PONTO DE PREGAÇAO;2;2-NORTE;2.3;Não;Ocorrências;;;Não;Não;execucao;ATENDIMENTO;;SEDEC - GERÊNCIA REGIONAL NORDESTE;TRAMITAÇÃO;
2023;03-marco;8024997023;29/03/2023;12:09;USUÁRIA SOLICITA CAPINAÇÃO E LONA PLASTICA NA BARREIRA.;NORDESTE;DOIS IRMAOS;SITIO SAO BRAS;RUA BARAO DE CAPIBARIBE N 17;ESCADARIA EM FRENTE AO MERCADINHO DE ROBSON;2;2-NORTE;2.3;Não;Ocorrências;;;Não;Não;execucao;ATENDIMENTO;;SEDEC - GERÊNCIA REGIONAL NORDESTE;TRAMITAÇÃO;
2023;03-marco;8025159823;29/03/2023;15:06;COLOCAÇÃO DE LONA PLASTICA EM BARREIRA DE GRANDE PORTE.;NORDESTE;DOIS IRMAOS;CGO. DA FORTUNA;RUA SITIO SAPUCAIA N04A;PROXIMO AO BAR DO ZÉ RISADINHA OU BAMBU´S BAR.;2;2-NORTE;2.3;Não;Ocorrências;;;Não;Não;execucao;ATENDIMENTO;;SEDEC - GERÊNCIA REGIONAL NORDESTE;TRAMITAÇÃO;
2023;03-marco;8024749623;29/03/2023;08:28;USUÁRIA SOLICITA DE LONA PARA BARREIRA QUE ESTA COM RISCO DE DESLIZAR. PEDE URGÊNCIA DA EQUIPE NO LOCAL.;NORTE;DOIS UNIDOS;DOIS UNIDOS;RUA MONSENHOR VIANA N 260;POR TRAS DA ESCOLA MONSENHOR VIANA;2;2-NORTE;2.1;Não;Ocorrências;;;Não;Não;execucao;ATENDIMENTO;;SEDEC - GERÊNCIA REGIONAL NORTE;TRAMITAÇÃO;
2023;03-marco;8024758523;29/03/2023;08:47;SOLICITA A COLOCAÇÃO DE LONA PLASTICA EM DUAS BARREIRAS DE MÉDIO PORTE. NECESSITA DE CAPINAÇÃO;NORTE;DOIS UNIDOS;ALTO DO CAPITAO;RUA TERCEIRA TRAVESSA TUIRAÇABA N35;EM FRENTE A PADARIA DE DONA LUCIA;2;2-NORTE;2.1;Não;Ocorrências;;;Não;Não;execucao;ATENDIMENTO;;SEDEC - GERÊNCIA REGIONAL NORTE;TRAMITAÇÃO;
2023;03-marco;8024786923;29/03/2023;09:09;Colocação de lonas plásticas e capinação na barreira.;NORTE;DOIS UNIDOS;ALTO DO MARACANA;PRIMEIRA TRAVESSA ÁGUA AZUL, N191;PRÓXIMO AO CAMPO DO CARECA;2;2-NORTE;2.1;Não;Ocorrências;;;Não;Não;execucao;ATENDIMENTO;;SEDEC - GERÊNCIA REGIONAL NORTE;TRAMITAÇÃO;
2023;03-marco;8024850923;29/03/2023;10:07;USUARIO INFORMA QUE BARREIRA DE MEDIO PORTE ESTA PRECISANDO DE LONA REPOSICAO E NOVA COLOCACAO E CAPINACAO.;NORTE;DOIS UNIDOS;ALTO DO ROSARIO;SEGUNDA TRAVESSA CHAGAS FERREIRA N 47;PROXIMO AO ALTODO ROSARIO E XANJÔ DE RUI;2;2-NORTE;2.1;Não;Ocorrências;;;Não;Não;execucao;ATENDIMENTO;;SEDEC - GERÊNCIA REGIONAL NORTE;TRAMITAÇÃO;
2023;03-marco;8024869123;29/03/2023;10:18;Usuária solicita colocação de lonas plasticas na barreira.;NORTE;DOIS UNIDOS;ALTO DO ROSARIO;RUA CAVALCANTE PETRIBU, N35;EM FRENTE A VACARIA;2;2-NORTE;2.1;Não;Ocorrências;;;Não;Não;execucao;ATENDIMENTO;;SEDEC - GERÊNCIA REGIONAL NORTE;TRAMITAÇÃO;
2023;03-marco;8024892323;29/03/2023;10:26;USUÁRIA SOLICITA COLOCAÇÃO DE LONAS PLASTICAS E CAPINAÇÃO NA BARREIRA.;NORTE;DOIS UNIDOS;ALTO DO CAPITAO;2 TRAVESSA TUPIRAÇABA, N17;PRÓXIMO AO TERMINAL DE ÔNIBUS;2;2-NORTE;2.1;Não;Ocorrências;;;Não;Não;execucao;ATENDIMENTO;;SEDEC - GERÊNCIA REGIONAL NORTE;TRAMITAÇÃO;
2023;03-marco;8024899823;29/03/2023;10:29;USUÁRIA SOLICITA COLOCAÇÃO DE LONAS PLASTICAS NA BARREIRA.;NORTE;DOIS UNIDOS;CGO. DO MORCEGO;1 TRAVESSA DORANDIA, N 335;APÓS A ESCOLA OLINDINA, AO LADO DA CASA DE BIRINHA;2;2-NORTE;2.1;Não;Ocorrências;;;Não;Não;execucao;ATENDIMENTO;;SEDEC - GERÊNCIA REGIONAL NORTE;TRAMITAÇÃO;
2023;03-marco;8024903523;29/03/2023;10:33;USUÁRIO SOLICITA VISTORIA POIS INFORMA QUE IRÁ CONSTRUIR EM UM LOCAL JÁ CONDENADO, E DESEJA NOVA VISTORIA DA DEFESA CIVIL;NORTE;DOIS UNIDOS;DOIS UNIDOS;3 TRAVESSA JOAO CAVALCANTI PETRIBU, 250;PROXIMO AO TERREIRO DE ANA;2;2-NORTE;2.1;Não;Ocorrências;;;Não;Não;execucao;ATENDIMENTO;;SEDEC - GERÊNCIA REGIONAL NORTE;TRAMITAÇÃO;
2023;03-marco;8024906423;29/03/2023;10:39;Usuário solicita vistoria e poda/corte de um bambuzal que se localiza nos fundos da sua casa. em cima da barreira. está trazendo prejuizos ao morador e oferencedo risco de cair em cima da casa do mesmo.;NORTE;DOIS UNIDOS;ALTO DO MARACANA;RUA EREMITA N52;(RUA DO MEIO) DEPOIS DO FITEIRO DE BILZINHA;2;2-NORTE;2.1;Não;Ocorrências;;;Não;Não;execucao;ATENDIMENTO;;SEDEC - GERÊNCIA REGIONAL NORTE;TRAMITAÇÃO;
2023;03-marco;8024970423;29/03/2023;11:30;USUARIO INFORMA QUE  BARREIRA DE GRANDE PORTE NECESSITA DE LONAS E NAO PRECISA DE CAPINACAO .;NORTE;DOIS UNIDOS;ALTO DO AGAVE;RUA VARZEA NOVA N 52;ESCADARIA JOAO DO BOI ,RUA DA IGREJA CATOLICA;2;2-NORTE;2.1;Não;Ocorrências;;;Não;Não;execucao;ATENDIMENTO;;SEDEC - GERÊNCIA REGIONAL NORTE;TRAMITAÇÃO;
2023;03-marco;8024974023;29/03/2023;11:40;USUARIO INFORMA QUE BARREIRA DE GRANDE PORTE ESTA SEM LONA E CAUSANDO INSEGURANÇA AOS MORADORES.;NORTE;DOIS UNIDOS;ALTO DO ROSARIO;RUA COMPOSITOR INALDO MENDONÇA N 140;PROXIMO O SITIO PORTIGUAR;2;2-NORTE;2.1;Não;Ocorrências;;;Não;Não;execucao;ATENDIMENTO;;SEDEC - GERÊNCIA REGIONAL NORTE;TRAMITAÇÃO;
2023;03-marco;8025027423;29/03/2023;12:52;USUÁRIA SOLICITA REPOSIÇÃO DE LONASPLASTICAS NA BARREIRA.;NORTE;DOIS UNIDOS;ALTO DO MARACANA;1 travessa jose de meneses lira filho n 20;antigo terminal das vans rua corrimao;2;2-NORTE;2.1;Não;Ocorrências;;;Não;Não;execucao;ATENDIMENTO;;SEDEC - GERÊNCIA REGIONAL NORTE;TRAMITAÇÃO;
2023;03-marco;8025043023;29/03/2023;13:06;colocação de lona . usuário informa que a barreira esta com riscos de deslizamento.usuaria informa que não precisa de capinação.;NORTE;DOIS UNIDOS;CGO. DA CAMILA;rua imborai  n  21;a escadaria fica em frente a uma igreja evangélica.;2;2-NORTE;2.1;Não;Ocorrências;;;Não;Não;execucao;ATENDIMENTO;;SEDEC - GERÊNCIA REGIONAL NORTE;TRAMITAÇÃO;
2023;03-marco;8025074223;29/03/2023;13:43;COLOCAÇÃO DE LONA PLASTICA / SEM CAPINAÇÃO;NORTE;DOIS UNIDOS;ALTO DO CAPITAO;RUA MARIA DOS PRAZERES SERAFIM N.102;NA RUA DA ANTENA (ESCADARIA);2;2-NORTE;2.1;Não;Ocorrências;;;Não;Não;execucao;ATENDIMENTO;;SEDEC - GERÊNCIA REGIONAL NORTE;TRAMITAÇÃO;
2023;03-marco;8025078823;29/03/2023;13:48;vistoria para uma barreira pois tem um usuario que esta passando um cano de 100 por dentro da barreira e essa água vai cair na casa do vizinho causando danos.;NORTE;DOIS UNIDOS;ALTO DO MARACANA;rua maria estevão  n  344 casa c;em frente a antiga a indústria minerva ou escola municipal alto do maracanã.;2;2-NORTE;2.1;Não;Ocorrências;;;Não;Não;execucao;ATENDIMENTO;;SEDEC - GERÊNCIA REGIONAL NORTE;TRAMITAÇÃO;
2023;03-marco;8025123323;29/03/2023;14:31;USUÁRIA SOLICITA CAPINAÇÃO E LONA PLASTICA NA BARREIRA.;NORTE;DOIS UNIDOS;CGO. DO CURIO;RUA DA LIBERDADE N 105;PROXIMO AO BAR DA ROSA VERMELHO E PIZZARIA MODELO INFORMA TELEFONE 81985295279;2;2-NORTE;2.1;Não;Ocorrências;;;Não;Não;execucao;ATENDIMENTO;;SEDEC - GERÊNCIA REGIONAL NORTE;TRAMITAÇÃO;
2023;03-marco;8025177623;29/03/2023;15:20;COLOCAÇÃO DE LONA PLASTICA EM BARREIRA DE GRANDE PORTE. PRECISA CAPINAR.;NORTE;DOIS UNIDOS;ALTO DO CAPITAO;RUA CLARICE DE OLIVEIRA N43;POR TRÁS DO POSTO DE SAÚDE DO ALTO DO CAPITÃO.;2;2-NORTE;2.1;Não;Ocorrências;;;Não;Não;execucao;ATENDIMENTO;;SEDEC - GERÊNCIA REGIONAL NORTE;TRAMITAÇÃO;
2023;03-marco;8025182023;29/03/2023;15:24;solicita lona;NORTE;DOIS UNIDOS;ALTO DO MARACANA;Escadaria da rua alto verde n 11;sem pontos de referencia;2;2-NORTE;2.1;Não;Ocorrências;;;Não;Não;execucao;ATENDIMENTO;;SEDEC - GERÊNCIA REGIONAL NORTE;TRAMITAÇÃO;
2023;03-marco;8025200823;29/03/2023;15:47;SOLICITA VISTORIA INFORMA ARVORE NA BARREIRA RISCODE CAIR.;NORTE;DOIS UNIDOS;VALE DO SENHOR;RUA COMPOSITOR RAUL VALENÇA,10 A;APOS O VALE DO SENHOR;2;2-NORTE;2.1;Não;Ocorrências;;;Não;Não;execucao;ATENDIMENTO;;SEDEC - GERÊNCIA REGIONAL NORTE;TRAMITAÇÃO;
2023;03-marco;8024881123;29/03/2023;10:22;VISTORIA PARA VIABILIZAR A PARCEIRIA EM IMOVEL;PLANICIE;ESTANCIA;ESTANCIA;RUA ANTONIO TELES, N75;PROXIMO AO CANAL DO IRAQUE;2;2-NORTE;2.2;Não;Ocorrências;;;Não;Não;execucao;ATENDIMENTO;;SEDEC - GERÊNCIA REGIONAL PLANICIE;TRAMITAÇÃO;
2023;03-marco;8024888623;29/03/2023;10:24;USUARIO SOLICITA VISTORIA PARA REALIZAÇAO DE PARCERIA PARA CALÇAMENTO DE UM BECO;PLANICIE;ESTANCIA;ESTANCIA;RUA JOSE GOMES DE MOURA, N208;EM FRENTE A ESTAÇAO DO METRO SANTA LUCIA, PROXIMO A FOCO MATERIAS DE CONSTRUÇOES;2;2-NORTE;2.2;Não;Ocorrências;;;Não;Não;execucao;ATENDIMENTO;;SEDEC - GERÊNCIA REGIONAL PLANICIE;TRAMITAÇÃO;
2023;03-marco;8024723723;29/03/2023;07:35;USUARIO SOLICITA COLOCAÇAO DE LONAS PLASTICAS E CAPINAÇAO;NORDESTE;GUABIRABA;CGO. DA LOURA;RUA UBAUNA, N649;ESCARAIA AO LADO BAR DO NAU;6;6-SUL;6.2;Sim;Ocorrências;;;Não;Não;execucao;ATENDIMENTO;;SEDEC - GERÊNCIA REGIONAL NORDESTE;TRAMITAÇÃO;
2023;03-marco;8024727223;29/03/2023;07:45;deseja vistoria na barreira que esta com muitro entulho  fazendo peso nela.;NORDESTE;GUABIRABA;CGO. DA LOURA;rua aveiro n 31;prox ao bar do nau;6;6-SUL;6.2;Sim;Ocorrências;;;Não;Não;execucao;ATENDIMENTO;;SEDEC - GERÊNCIA REGIONAL NORDESTE;TRAMITAÇÃO;
2023;03-marco;8024729523;29/03/2023;07:47;SOLICITA COLOCAÇÃO DE LONA PLASTICA EM BARREIRA DE GRANDE, SEM NECESSIDADE DE CAPINAÇÃO;NORDESTE;GUABIRABA;CGO. JOSE IDALINO;RUA DELANDIA, N32;PROXIMO AO CONFIANÇA FUTEBOL CLUB;6;6-SUL;6.2;Sim;Ocorrências;;;Não;Não;execucao;ATENDIMENTO;;SEDEC - GERÊNCIA REGIONAL NORDESTE;TRAMITAÇÃO;
2023;03-marco;8024739023;29/03/2023;08:09;SOLICITA A COLOCAÇÃO DE LONA PLASTICA EM BARREIRA DE MÉDIO PORTE, COM NECESSIDADE DE CAPINAÇÃO;NORDESTE;GUABIRABA;CGO. DO JENIPAPO;RUA ALVARES FLORENCE N 590;EM FRENTE A BARRACA DE SEU RAIMUNDO DA GALINHA;6;6-SUL;6.2;Não;Ocorrências;;;Não;Não;execucao;ATENDIMENTO;;SEDEC - GERÊNCIA REGIONAL NORDESTE;TRAMITAÇÃO;
2023;03-marco;8024815923;29/03/2023;09:31;Colocação de lonas plásticas e capinação na barreira.;NORDESTE;GUABIRABA;CGO. DO JENIPAPO;RUA ALVARES FLORENSCE, N55;PRÓXIMO A RAIMUNDO DA GALINHA;6;6-SUL;6.2;Não;Ocorrências;;;Não;Não;execucao;ATENDIMENTO;;SEDEC - GERÊNCIA REGIONAL NORDESTE;TRAMITAÇÃO;
2023;03-marco;8024831423;29/03/2023;09:51;SOLICITA VISTORIA NA BARREIRA, INFORMA QUE ESTA DESLIZANDO, TEM UM BURACO  E  UM POSTE NA BEIRA DA  BARREIRA.;NORDESTE;GUABIRABA;CGO. MANOEL CARROCEIRO;RUA CGO DO CARROCEIRO,102;PROX TERMINAL DE VASCO DA GAMA DERBY;6;6-SUL;6.2;Não;Ocorrências;;;Não;Não;execucao;ATENDIMENTO;;SEDEC - GERÊNCIA REGIONAL NORDESTE;TRAMITAÇÃO;
2023;03-marco;8024873923;29/03/2023;10:19;USUARIO SOLICITA COLOCAÇÃO DE LONA PLASTICA.PRECISA CAPINAÇÃO.BARREIRA ALTA.;NORDESTE;GUABIRABA;BOLA NA REDE;AV PADRE MOSCA DE CARVALHO, 138 A;PROX  ARMAZEM SR MANOEL;6;6-SUL;6.2;Não;Ocorrências;;;Não;Não;execucao;ATENDIMENTO;;SEDEC - GERÊNCIA REGIONAL NORDESTE;TRAMITAÇÃO;
2023;03-marco;8024879723;29/03/2023;10:22;USUARIO SOLICITA COLOCAÇÃO DE LONA PLASTICA.PRECISA CAPINAÇÃO.BARREIRA ALTA.;NORDESTE;GUABIRABA;BOLA NA REDE;AV PADRE MOSCA DE CARVALHO, 138;PROX  ARMAZEM SR MANOEL;6;6-SUL;6.2;Não;Ocorrências;;;Não;Não;execucao;ATENDIMENTO;;SEDEC - GERÊNCIA REGIONAL NORDESTE;TRAMITAÇÃO;
2023;03-marco;8024890023;29/03/2023;10:25;USUARIO INFORMA QUE BNARREIRA DE GRANDE PORTE ESTA COM A METADE COBERTA E OUTRA NAO E É NECESSARIO CAPINACAO NO LOCAL.;NORDESTE;GUABIRABA;ALTO JOSE IDALINO;RUA CASSIA N 34;APOS O CLUBE CONFIANCA;6;6-SUL;6.2;Não;Ocorrências;;;Não;Não;execucao;ATENDIMENTO;;SEDEC - GERÊNCIA REGIONAL NORDESTE;TRAMITAÇÃO;
2023;03-marco;8024922023;29/03/2023;10:46;Colocação de lonas plásticas na barreira.;NORDESTE;GUABIRABA;CGO. JOSE IDALINO;RUA CASSIA, N126;DEPOIS DA ANTIGA MERCEARIA DO JAIME;6;6-SUL;6.2;Não;Ocorrências;;;Não;Não;execucao;ATENDIMENTO;;SEDEC - GERÊNCIA REGIONAL NORDESTE;TRAMITAÇÃO;
2023;03-marco;8024924223;29/03/2023;10:47;Colocação de Lonas Plásticas;NORDESTE;GUABIRABA;CGO. JOSE IDALINO;RUA CASSIA, N30;DEPOIS DA ANTIGA MERCEARIA DO JAIME;6;6-SUL;6.2;Não;Ocorrências;;;Não;Não;execucao;ATENDIMENTO;;SEDEC - GERÊNCIA REGIONAL NORDESTE;TRAMITAÇÃO;
2023;03-marco;8025022223;29/03/2023;12:40;USUARIO INFORMA QUE BARREIRA DE MEDIO PORTE ESTA PRECISANDO DE LONA E SERVICO DE CAPINACAO.;NORDESTE;GUABIRABA;CGO. MANOEL DAS MENINAS;RUA ITAPEVI N 72;A ESCADARIA FICA NA AVENIDA ALTACILIO DE AZEVEDO PROXIMO AO BAR DO UCA E PANIFICADORA JERUSALEM;6;6-SUL;6.2;Não;Ocorrências;;;Não;Não;execucao;ATENDIMENTO;;SEDEC - GERÊNCIA REGIONAL NORDESTE;TRAMITAÇÃO;
2023;03-marco;8024716023;29/03/2023;05:47;USUARIO SOLICITA COLOCAÇAO DE LONAS PLASTICAS;OESTE;IBURA;UR 03;RUA ENGENHO VIDEIRA, N27;POR TRAS DO COLEGIO POLIVALENTE;1;1-CENTRO;1.3;Sim;Ocorrências;;;Não;Não;execucao;ATENDIMENTO;;SEDEC - GERÊNCIA REGIONAL OESTE;TRAMITAÇÃO;
2023;03-marco;8024760023;29/03/2023;08:47;USUARIO SOLICITA COLOCAÇÃO DE LONA PLASTICA.BARREIRA ALTA.;SUL;IBURA;UR 05;TRAV JOÃO RIO BRANCO DE LIMA, 249;PROX A CAIXA DÁGUA;1;1-CENTRO;1.3;Não;Ocorrências;;;Não;Não;execucao;ATENDIMENTO;;SEDEC - GERÊNCIA REGIONAL SUL;TRAMITAÇÃO;
2023;03-marco;8024762223;29/03/2023;08:50;USUÁRIO SOLICITA COLOCAÇÃO DE LONA EM BARREIRA DE MÉDIO PORTE. NECESSÁRIO REALIZAR LIMPEZA/CAPINAÇÃO.;SUL;IBURA;TRES CARNEIROS ALTO;RUA IBIPORANGA, 65;PRÓXIMO AO TERMINAL DE ONIBUS DE TRES CARNEIROS ALTO, ANTIGA RUA ONZE;1;1-CENTRO;1.3;Não;Ocorrências;;;Não;Não;execucao;ATENDIMENTO;;SEDEC - GERÊNCIA REGIONAL SUL;TRAMITAÇÃO;
2023;03-marco;8024773423;29/03/2023;08:58;USUÁRIO SOLICITA VISTORIA NA BARREIRA QUE ESTA DESLIZANDO COM FREQUÊNCIA POR BAIXO DA LONA.;SUL;IBURA;LAGOA ENCANTADA;RUA EMPRESARIO RICARDO BRENAND, N76 E N35;PRÓXIMO AO SUPERMERCADO ECONÔMICO;1;1-CENTRO;1.3;Não;Ocorrências;;;Não;Não;execucao;ATENDIMENTO;;SEDEC - GERÊNCIA REGIONAL SUL;TRAMITAÇÃO;
2023;03-marco;8024838923;29/03/2023;09:54;USUÁRIO SOLICITA COLOCAÇÃO DE LONA EM BARREIRA DE MÉDIO PORTE. NECESSÁRIO REALIZAR LIMPEZA/CAPINAÇÃO.;SUL;IBURA;LAGOA ENCANTADA;RUA ENGENHEIRO JOSE MAURO FREIRE, 17;PRÓXIMO AO TERMINAL DE ONIBUS DE LAGOA ENCANTADA, DO OUTRO LADO DO CANAL;1;1-CENTRO;1.3;Não;Ocorrências;;;Não;Não;execucao;ATENDIMENTO;;SEDEC - GERÊNCIA REGIONAL SUL;TRAMITAÇÃO;
2023;03-marco;8024848423;29/03/2023;10:06;USUARIO SOLICITA COLOCAÇAO DE LONAS PLASTICAS E CAPINAÇAO;OESTE;IBURA;UR 02;RUA SARGENTO JOAO LOPES FILHOS, N500;POR TRAS DO COLEGIO JARDIM MONTEVERDEPROXIMO AO BEQUINHO DA INTERNET;1;1-CENTRO;1.3;Não;Ocorrências;;;Não;Não;execucao;ATENDIMENTO;;SEDEC - GERÊNCIA REGIONAL OESTE;TRAMITAÇÃO;
2023;03-marco;8024897523;29/03/2023;10:29;USUARIO SOLICITA VISTORIA EM SUA RESIDENCIA PARA REALIZAÇAO DE PARCERIA PARA CONSTRUÇAO DE MURO DE ARRIMO;OESTE;IBURA;UR 01;TRAVESSA GUARACIABA, N321;PROXIMO AO CAMPO DO CANDIEIRO;1;1-CENTRO;1.3;Não;Ocorrências;;;Não;Não;execucao;ATENDIMENTO;;SEDEC - GERÊNCIA REGIONAL OESTE;TRAMITAÇÃO;
2023;03-marco;8024966723;29/03/2023;11:27;USUARIO SOLICITA COLOCAÇÃO DE LONA PLASTICA.BARREIRA MEDIO PORTE.;SUL;IBURA;UR 05;RUA CANADA 58,;PROX BARRACA DA CONCEIÇÃO.;1;1-CENTRO;1.3;Não;Ocorrências;;;Não;Não;execucao;ATENDIMENTO;;SEDEC - GERÊNCIA REGIONAL SUL;TRAMITAÇÃO;
2023;03-marco;8025009623;29/03/2023;12:22;SOLICITA VISTORIA EM BARREIRA DE GRANDE PORTE. POIS OS VIZINHOS ESTÃO JOGANDO METRALHAS POR CIMA DELA FAZENDO PESO EXTRA POR CIMA DELA. COLOCAR LONA PLASTICA EM BARREIRA PRECISA CAPINAR.;OESTE;IBURA;UR 01;RUA ASDOLFO DUTRA N252;POR TRÁS DO CAMPO DO NACIONAL.;1;1-CENTRO;1.3;Não;Ocorrências;;;Não;Não;execucao;ATENDIMENTO;;SEDEC - GERÊNCIA REGIONAL OESTE;TRAMITAÇÃO;
2023;03-marco;8025017923;29/03/2023;12:29;USUARIO SOLICITA VISTORIA EM BARREIRA DE VIZINHOS REFERENTE A UM MURO QUE ESTA SENDO CONSTRUIDO;SUL;IBURA;UR 12;PESSEGUEIROS N 54;PROXIMO A ESCOLA MUNICIAPL JOSE LUCIO MONTEIRO E MERCADINHO CENTRAL;1;1-CENTRO;1.3;Não;Ocorrências;;;Não;Não;execucao;ATENDIMENTO;;SEDEC - GERÊNCIA REGIONAL SUL;TRAMITAÇÃO;
2023;03-marco;8025062423;29/03/2023;13:22;USUÁRIO SOLICITA VISTORIA PARA PROGRAMA DE PARCERIA.;SUL;IBURA;ALTO DA BELA VISTA;RUA FLORES DA CUNHA N 03;AO LADO DA CASA 2000;1;1-CENTRO;1.3;Não;Ocorrências;;;Não;Não;execucao;ATENDIMENTO;;SEDEC - GERÊNCIA REGIONAL SUL;TRAMITAÇÃO;
2023;03-marco;8025088323;29/03/2023;14:01;Lona Plastica;SUL;IBURA;UR 10;RUA JOSE TIMBOCIO CAVALCANTE, Nº 93;PROXIMO A BARRACA DO LUCIANO E DA CAPELINHA NOSSA SENHORA DE FATIMA(ALTO DO URUBU);1;1-CENTRO;1.3;Não;Ocorrências;;;Não;Não;execucao;ATENDIMENTO;;SEDEC - GERÊNCIA REGIONAL SUL;TRAMITAÇÃO;
2023;03-marco;8025121023;29/03/2023;14:31;SOLICITA VISTORIA EM BARREIRA E COLOCAÇÃO DE LONA PLASTICA EM BARREIRA DE PEQUENO PORTE. PRECISA CAPINAR.OBS: BARREIRA DESLIZANDO.;OESTE;IBURA;UR 03;RUA AFONSO PENA N05;PROXIMO A BARRACA DE SANDRA E OFICINA DE JORGE (PROCURAR POR CAMARÃO).;1;1-CENTRO;1.3;Não;Ocorrências;;;Não;Não;execucao;ATENDIMENTO;;SEDEC - GERÊNCIA REGIONAL OESTE;TRAMITAÇÃO;
2023;03-marco;8025161223;29/03/2023;15:08;USUÁRIO INFORMA QUE DEVIDO A CANALETA ENTUPIDA AGUA ESTA ENTRANDO NA RESIDENCIA ONDE ESTA COM RACHADURAS.;SUL;IBURA;ALTO DA BELA VISTA;RUA RIO PURUZ N 67;PROXIMO AO BAR DE CILEIDE NO TRIANGULO DA BR;1;1-CENTRO;1.3;Não;Ocorrências;;;Não;Não;execucao;ATENDIMENTO;;SEDEC - GERÊNCIA REGIONAL SUL;TRAMITAÇÃO;
2023;03-marco;8025169323;29/03/2023;15:15;COLOCAÇÃO DE LONA PLASTICA EM BARREIRA DE GRANDE PORTE. PRECISA CAPINAR.;OESTE;IBURA;UR 03;RUA CORAÇÃO DE MARIA SN;PRIMEIRA ESCADARIA, APÓS A LAJE DO IRMÃO JOÃO AO LADO DA CASA DE NUMERO 59.;1;1-CENTRO;1.3;Não;Ocorrências;;;Não;Não;execucao;ATENDIMENTO;;SEDEC - GERÊNCIA REGIONAL OESTE;TRAMITAÇÃO;
2023;03-marco;8024747323;29/03/2023;08:22;USUÁRIO SOLICITA COLOCAÇÃO DE LONA EM BARREIRA DE GRANDE PORTE. NECESSÁRIO REALIZAR LIMPEZA/CAPINAÇÃO.;SUL;IBURA DE BAIXO;VILA DO SESI;RUA DOUTOR MARIA JOSE DE ALMEIDA BELO, 111;EM FRENTE A CASA DOS PADRES;4;4-NORDESTE;4.1;Não;Ocorrências;;;Não;Não;execucao;ATENDIMENTO;;SEDEC - GERÊNCIA REGIONAL SUL;TRAMITAÇÃO;
2023;03-marco;8024754023;29/03/2023;08:42;USUÁRIO SOLICITA VISTORIA EM MURO DA SUA CASA, DE GRANDE PORTE, QUE ESTA DESCOLADO DO CHÃO E COM RISCO DEDESABAR, ACREDITA SER CONSEQUÊNCIA DE UM BURACO NA RUA.;PLANICIE;IMBIRIBEIRA;IMBIRIBEIRA;RUA GRASIELA, N10;AO LADO DA SINDICAPE;3;3-NOROESTE;3.1;Não;Ocorrências;;;Não;Não;execucao;ATENDIMENTO;;SEDEC - GERÊNCIA REGIONAL PLANICIE;TRAMITAÇÃO;
2023;03-marco;8024836623;29/03/2023;09:53;NA PRACA MARIA MADALENA MISTO PORTAO DE ENTRADA PARA ACESSO A CASA É UM PORTAO AZUL QUE FICA DO LADO ESQUERDO DA PRAÇA AO LADO DE UM PRIMEIRO ANDAR VERDE,ONDE USARIO INFORMA QUE VIZINHO ESTA CONSTRUINDO LAGE E CAVANDO EM BARREIRA EM CIMA DE UMA LAJOTA JA POSTA PELA PREFEITURA  QUE ESTA CAUSANDO TRASNTORNO POIS ESTA COLOCANDO EM RISCO MUITAS RESIDENCIAS , NA PROPRIEDADE DO CONSTRUTOR RODRIGO FILHO DO PROPRIETARIO .;OESTE;JD. SAO PAULO;PLANETA DOS MACACOS;NONA TRAVESSA DA ESTRADA DO CURADO N 56;NA PRAÇA MARIA MADALENA MISTO;2;2-NORTE;2.3;Não;Ocorrências;;;Não;Não;execucao;ATENDIMENTO;;SEDEC - GERÊNCIA REGIONAL OESTE;TRAMITAÇÃO;
2023;03-marco;8024871623;29/03/2023;10:19;USUARIO SOLICITA VISTORIA EM SUA RESIDENCIA PARA REALIZAÇO DE VISTORIA PARA CONSTRUÇAO DE MURO DE ARRIMO;SUL;JORDAO;JORDAO BAIXO;RUA BRITANIA, N233;PROXIMO A MARCENARIA DE XANDE;4;4-NORDESTE;4.1;Não;Ocorrências;;;Não;Não;execucao;ATENDIMENTO;;SEDEC - GERÊNCIA REGIONAL SUL;TRAMITAÇÃO;
2023;03-marco;8024920723;29/03/2023;10:46;USUARIO SOLICITA COLOCAÇAO DE LONAS PLASTICAS;SUL;JORDAO;JORDAO ALTO;RUA UIRAUNA, N28;APOS O POSTO PADRE CICERO, QUARTA ENTRADAPROXIMO A OFICINA;4;4-NORDESTE;4.1;Não;Ocorrências;;;Não;Não;execucao;ATENDIMENTO;;SEDEC - GERÊNCIA REGIONAL SUL;TRAMITAÇÃO;
2023;03-marco;8024928823;29/03/2023;10:48;USUARIO SOLICITA VISTORIA EM SUA RESIDENCIA PARA REALIZAÇAO DE PARCERIA PARA CONSTRUÇAO DE MURO DE ARRIMO;SUL;JORDAO;JORDAO ALTO;RUA UIRAUNA, N28;APOS O POSTO PADRE CICERO, QUARTA ENTRADAPROXIMO A OFICINA;4;4-NORDESTE;4.1;Não;Ocorrências;;;Não;Não;execucao;ATENDIMENTO;;SEDEC - GERÊNCIA REGIONAL SUL;TRAMITAÇÃO;
2023;03-marco;8025102623;29/03/2023;14:08;USUARIO SOLICITA A COLOCAÇAO DE DUAS LONAS;SUL;JORDAO;JORDAO ALTO;AV DONA CARENTINA N40;PROXIMO DO TERMINAL E BARBEARIA VISUAL DE SR ISAIAS;4;4-NORDESTE;4.1;Não;Ocorrências;;;Não;Não;execucao;ATENDIMENTO;;SEDEC - GERÊNCIA REGIONAL SUL;TRAMITAÇÃO;
2023;03-marco;8025134523;29/03/2023;14:40;COLOCAÇÃO DE LONA PLASTICA EM BARREIRA DE GRANDE PORTE. PRECISA CAPINAR.;SUL;JORDAO;JORDAO BAIXO;RUA LIZARDA N42;PROXIMO AO POSTO DE SAUDE E DO BAR DE DUDA.;4;4-NORDESTE;4.1;Não;Ocorrências;;;Não;Não;execucao;ATENDIMENTO;;SEDEC - GERÊNCIA REGIONAL SUL;TRAMITAÇÃO;
2023;03-marco;8024788123;29/03/2023;09:09;USUÁRIA SOLICITA CAPINAÇÃO E LONA PLASTICA NA BARREIRA.;NORTE;LINHA DO TIRO;CGO. DO TIRO;RUA ELADIO CAMBOIM N 250;SUBIDA DA PADARIA PAO DE OVO;3;3-NOROESTE;3.2;Não;Ocorrências;;;Não;Não;execucao;ATENDIMENTO;;SEDEC - GERÊNCIA REGIONAL NORTE;TRAMITAÇÃO;
2023;03-marco;8025024523;29/03/2023;12:42;USUÁRIO SOLICITA COLOCAÇÃO DE LONA EM 3 BARREIRAS (DO LADO, ATRAS E NA FRENTE DO IMOVEL) DE MÉDIO PORTE. << NÃO NECESSÁRIO REALIZAR LIMPEZA/CAPINAÇÃO. >>;NORTE;LINHA DO TIRO;ALTO DA JAQUEIRA;RUA CORREGO DA JAQUEIRA 475,;PROXIMO A UPINHA DE LINHA DO TIRO APÓS O POSTO DE SAUDE DO ALTO DOS COQUEIROS, NO LARGO DA RUA;3;3-NOROESTE;3.2;Não;Ocorrências;;;Não;Não;execucao;ATENDIMENTO;;SEDEC - GERÊNCIA REGIONAL NORTE;TRAMITAÇÃO;
2023;03-marco;8024976223;29/03/2023;11:41;USUARIO SOLICITA VISTORIA EM ARVORE LOCALIZADA EM BARREIRA;NOROESTE;MACAXEIRA;BOLO DE NOIVA;SEGUNDA TRAVESSA DO ALTO DO MARACANA, N15A;PROXIMO A BARRACA DE SONIA NAO SOUBE INFORMAR LOCALIDADE;5;5-SUDOESTE;5.1;Não;Ocorrências;;;Não;Não;execucao;ATENDIMENTO;;SEDEC - GERÊNCIA REGIONAL NOROESTE;TRAMITAÇÃO;
2023;03-marco;8025114423;29/03/2023;14:19;USUÁRIA SOLICITA CAPINAÇÃO E LONA PLASTICA NA BARREIRA.;NOROESTE;MACAXEIRA;BURITY;RUA ANDRE BARROS DE OLIVEIRA N 25;PROXIMO A BARRACA DE PIO E ESCADARIA DO POSTO DE SAUDE;5;5-SUDOESTE;5.1;Não;Ocorrências;;;Não;Não;execucao;ATENDIMENTO;;SEDEC - GERÊNCIA REGIONAL NOROESTE;TRAMITAÇÃO;
2023;03-marco;8025175323;29/03/2023;15:19;verificar se existe algum risco na residência do usuário por conta de fossa;NOROESTE;MACAXEIRA;MACAXEIRA;Rua Alminio afonso n 422;upinha do cgo. do jenipapo;5;5-SUDOESTE;5.1;Não;Ocorrências;;;Não;Não;execucao;ATENDIMENTO;;SEDEC - GERÊNCIA REGIONAL NOROESTE;TRAMITAÇÃO;
2023;03-marco;8025231023;29/03/2023;16:07;colocação de lona . usuário informa que a barreira esta com riscos de deslizamento.usuaria informa que precisa de capinação.;NOROESTE;MACAXEIRA;BURITY;rua sempre viva  n  382;entra na rua do campinho do gogo uma rua sem saída o local.;5;5-SUDOESTE;5.1;Não;Ocorrências;;;Não;Não;execucao;ATENDIMENTO;;SEDEC - GERÊNCIA REGIONAL NOROESTE;TRAMITAÇÃO;
2023;03-marco;8025157523;29/03/2023;15:05;USUARIO SOLICITA A COLOCAÇAO DE DUAS LONAS E CAPINAÇAO;NOROESTE;MANGABEIRA;MANGABEIRA;RUA DA MANGABEIRA N127 E 135;PROXIMO DO SESC;3;3-NOROESTE;3.2;Não;Ocorrências;;;Não;Não;execucao;ATENDIMENTO;;SEDEC - GERÊNCIA REGIONAL NOROESTE;TRAMITAÇÃO;
2023;03-marco;8025068223;29/03/2023;13:28;colocação de lona . usuário informa que a barreira esta com riscos de deslizamento.usuaria informa que precisa de capinação.;NOROESTE;MORRO DA CONCEICAO;MORRO DA CONCEICAO;primeira travessa Maraial n  46;colégio shalon;3;3-NOROESTE;3.3;Não;Ocorrências;;;Não;Não;execucao;ATENDIMENTO;;SEDEC - GERÊNCIA REGIONAL NOROESTE;TRAMITAÇÃO;
2023;03-marco;8024733223;29/03/2023;07:53;usuário informa que a barreira do lado de sua casa de grande porte esta com uma parte sem lona e uma parte com as lonas desgastadas é necessário o serviço de capinação .;NORDESTE;NOVA DESCOBERTA;CGO. DA AREIA;rua nova resende n 27;ao lado do varejão córrego da areia;3;3-NOROESTE;3.1;Sim;Ocorrências;;;Não;Não;execucao;ATENDIMENTO;;SEDEC - GERÊNCIA REGIONAL NORDESTE;TRAMITAÇÃO;
2023;03-marco;8024735523;29/03/2023;07:56;USUÁRIO SOLICITA COLOCAÇÃO DE LONA EM BARREIRA DE MÉDIOPORTE. NECESSÁRIO REALIZAR LIMPEZA/CAPINAÇÃO.;NOROESTE;NOVA DESCOBERTA;CGO. DA JOSELIA;2 TRAVESSA DA MOLANDIA, 90;PRÓXIMO A ESCOLA MOACIR DE ALBUQUERQUE;3;3-NOROESTE;3.1;Sim;Ocorrências;;;Não;Não;execucao;ATENDIMENTO;;SEDEC - GERÊNCIA REGIONAL NOROESTE;TRAMITAÇÃO;
2023;03-marco;8024771123;29/03/2023;08:58;USUARIO SOLICITA COLOCAÇÃO DE LONA PLASTICA.;NORDESTE;NOVA DESCOBERTA;CGO. DO JOAQUIM;RUA NOBRE ,34;PROX TERMINAL DE CGO DO INACIO;3;3-NOROESTE;3.1;Não;Ocorrências;;;Não;Não;execucao;ATENDIMENTO;;SEDEC - GERÊNCIA REGIONAL NORDESTE;TRAMITAÇÃO;
2023;03-marco;8024775723;29/03/2023;09:00;USUÁRIA SOLICITA CAPINAÇÃO E LONA PLASTICA NAS DUAS BARREIRAS.;NORDESTE;NOVA DESCOBERTA;ALTO DO RESERVATORIO;RUA PORTELANDIA N 2504;PROXIMO A BARRACA DE DONA ZILMA;3;3-NOROESTE;3.1;Não;Ocorrências;;;Não;Não;execucao;ATENDIMENTO;;SEDEC - GERÊNCIA REGIONAL NORDESTE;TRAMITAÇÃO;
2023;03-marco;8024781723;29/03/2023;09:05;Colocação de lonas plásticas na barreira.;NOROESTE;NOVA DESCOBERTA;ALTO DO CRUZEIRO;RUA FRANCISCO PASSOS, N269;PRÓXIMO AO LARGO DONA REGINA, E POR TRÁS DO SUPERMERCADO ATACAREJO;3;3-NOROESTE;3.1;Não;Ocorrências;;;Não;Não;execucao;ATENDIMENTO;;SEDEC - GERÊNCIA REGIONAL NOROESTE;TRAMITAÇÃO;
2023;03-marco;8024790623;29/03/2023;09:10;USUÁRIO SOLICITA COLOCAÇÃO DE LONA EM BARREIRA DE MÉDIO PORTE. NÃO É NECESSÁRIO REALIZAR LIMPEZA/CAPINAÇÃO.;NOROESTE;NOVA DESCOBERTA;NOVA DESCOBERTA;2 TRAVESSA MARIPA, 5564;PRÓXIMO A IGREJA CATOLICA NOSSA SENHORA DE LOUDES;3;3-NOROESTE;3.1;Não;Ocorrências;;;Não;Não;execucao;ATENDIMENTO;;SEDEC - GERÊNCIA REGIONAL NOROESTE;TRAMITAÇÃO;
2023;03-marco;8024813623;29/03/2023;09:30;USUARIO SOLICITA VISTORIA INFORMA DUAS ARVORE NA BARREIRA. RISCO DE CAIR. BARREIRA ALTA PRECISA CAPINAR E DE LONA PLASTICA.;NORDESTE;NOVA DESCOBERTA;CGO. DO BOLEIRO;1A SUBIDA CGO DO BOLEIRO, 49;PROX IGREJA ROMPENDO EM FÉ;3;3-NOROESTE;3.1;Não;Ocorrências;;;Não;Não;execucao;ATENDIMENTO;;SEDEC - GERÊNCIA REGIONAL NORDESTE;TRAMITAÇÃO;
2023;03-marco;8024826023;29/03/2023;09:47;USUÁRIO SOLICITA COLOCAÇÃO DE LONA EM BARREIRA DE MÉDIO PORTE. NÃO É NECESSÁRIO REALIZAR LIMPEZA/CAPINAÇÃO.;NORDESTE;NOVA DESCOBERTA;CGO. DO JOAQUIM;RUA ALTO DO JOAQUIM, 76;PRÓXIMO A BARRACA DO ZÉ;3;3-NOROESTE;3.1;Não;Ocorrências;;;Não;Não;execucao;ATENDIMENTO;;SEDEC - GERÊNCIA REGIONAL NORDESTE;TRAMITAÇÃO;
2023;03-marco;8024856723;29/03/2023;10:13;USUARIO INFORMA QUE BARREIRA DE GRANDE PORTE ESTA COM UMA LONA RASGADA E PRECISA DE CAPINACAO.;NORDESTE;NOVA DESCOBERTA;CGO. DA AREIA;RUA CORREGO DA AREIA N 715;QUARTA CASA DEPOIS DO ARMAZEM DOIS IRMAOS DO CORREGO DA AREIA;3;3-NOROESTE;3.1;Não;Ocorrências;;;Não;Não;execucao;ATENDIMENTO;;SEDEC - GERÊNCIA REGIONAL NORDESTE;TRAMITAÇÃO;
2023;03-marco;8024860423;29/03/2023;10:14;USUARIO SOLICITA COLOCAÇAO DE LONAS PLASTICAS  E CAPINAÇAO;NOROESTE;NOVA DESCOBERTA;NOVA DESCOBERTA;RUA MONSENHOR TEOBALDO ROCHA, N07;PROXIMO A BARRACA SANTA CRUZ E IGREJA ASSEMBLEIA DE DEUS NAO SOUBE INFORMAR LOCALIDADE;3;3-NOROESTE;3.1;Não;Ocorrências;;;Não;Não;execucao;ATENDIMENTO;;SEDEC - GERÊNCIA REGIONAL NOROESTE;TRAMITAÇÃO;
2023;03-marco;8024864023;29/03/2023;10:17;USUÁRIA SOLICITA COLOCAÇÃO DE LONAS PLASTICAS E VISTORIA NA BARREIRA DEVIDO A FREQUÊNTES DESLIZAMENTOS.;NOROESTE;NOVA DESCOBERTA;NOVA DESCOBERTA;AV. JOSELIA, N 190;PRÓXIMO AO BAR DE ZÉ PEQUENO, E APÓS IGREJA ASSEMBLEIA DE DEUS. PROCURAR POR LINO;3;3-NOROESTE;3.1;Não;Ocorrências;;;Não;Não;execucao;ATENDIMENTO;;SEDEC - GERÊNCIA REGIONAL NOROESTE;TRAMITAÇÃO;
2023;03-marco;8024910123;29/03/2023;10:42;USUÁRIO SOLICITA COLOCAÇÃO DE LONA EM BARREIRA DE GRANDE PORTE. NECESSÁRIO REALIZAR LIMPEZA/CAPINAÇÃO.;NORDESTE;NOVA DESCOBERTA;ALTO DO RESERVATORIO;2 TRAVESSA DO FELICIANO, 885;PRÓXIMO A BARRACA DE TOTA;3;3-NOROESTE;3.1;Não;Ocorrências;;;Não;Não;execucao;ATENDIMENTO;;SEDEC - GERÊNCIA REGIONAL NORDESTE;TRAMITAÇÃO;
2023;03-marco;8024926523;29/03/2023;10:47;USUÁRIA SOLICITA CAPINAÇÃO E LONA PLASTICA NA BARREIRA.;NOROESTE;NOVA DESCOBERTA;CGO. DO BEIJU;RUA MONSENHOR TEOBALDO ROCHA N 16;PROXIMO A BARRACA SANTA CRUZ;3;3-NOROESTE;3.1;Não;Ocorrências;;;Não;Não;execucao;ATENDIMENTO;;SEDEC - GERÊNCIA REGIONAL NOROESTE;TRAMITAÇÃO;
2023;03-marco;8024930223;29/03/2023;10:49;USUARIO SOLICITA COLOCAÇÃO DE LONA PLASTICA.PRECISA CAPINAÇÃO. BARREIRA MEDIO PORTE.;NORDESTE;NOVA DESCOBERTA;ALTO DO RESERVATORIO;SUBIDA BAIANOPOLIS,258 B;PROX A ASSEMBLEIA DE DEUS;3;3-NOROESTE;3.1;Não;Ocorrências;;;Não;Não;execucao;ATENDIMENTO;;SEDEC - GERÊNCIA REGIONAL NORDESTE;TRAMITAÇÃO;
2023;03-marco;8024932523;29/03/2023;10:50;USUÁRIA SOLICITA COLOCAÇÃO DE LONAS PLASTICAS E CAPINAÇÃO NA BARREIRA.;NORDESTE;NOVA DESCOBERTA;CGO. DO JOAQUIM;SUBIDA ALTO DO JOAQUI, N421;NO TERMINAL DO CÓRREGO DO JOAQUIM;3;3-NOROESTE;3.1;Não;Ocorrências;;;Não;Não;execucao;ATENDIMENTO;;SEDEC - GERÊNCIA REGIONAL NORDESTE;TRAMITAÇÃO;
2023;03-marco;8024935423;29/03/2023;10:54;SOLICITA A COLOCAÇÃO DE LONA PLASTICA EM BARREIRA DE GRANDE PORTE. ONDE ABRANGE 3 RESIDENCIAS: 90,86,80;NOROESTE;NOVA DESCOBERTA;CGO. DA JOSELIA;AV JOSELIA, N86;EM FRENTE A PRAÇA DA JOSELIA, PROXIMO A BARRACA DE COLOBA;3;3-NOROESTE;3.1;Não;Ocorrências;;;Não;Não;execucao;ATENDIMENTO;;SEDEC - GERÊNCIA REGIONAL NOROESTE;TRAMITAÇÃO;
2023;03-marco;8024945023;29/03/2023;11:10;USUÁRIA SOLICITA COLOCAÇÃO DE LONAS PLASTICAS E CAPINAÇÃO NA BARREIRA.;NOROESTE;NOVA DESCOBERTA;NOVA DESCOBERTA;RUA ESTRELA DO SUL, N100;POR TRÁS DO CAMPO DO FLIMINENSE;3;3-NOROESTE;3.1;Não;Ocorrências;;;Não;Não;execucao;ATENDIMENTO;;SEDEC - GERÊNCIA REGIONAL NOROESTE;TRAMITAÇÃO;
2023;03-marco;8024950323;29/03/2023;11:13;USUÁRIA SOLICITA CAPINAÇÃO E LONA PLASTICA NA BARREIRA.;NOROESTE;NOVA DESCOBERTA;ALTO DR. CAETES;RUA ANGAI N30;PROXIMO AO CURITIBA SPORT CLUB;3;3-NOROESTE;3.1;Não;Ocorrências;;;Não;Não;execucao;ATENDIMENTO;;SEDEC - GERÊNCIA REGIONAL NOROESTE;TRAMITAÇÃO;
2023;03-marco;8024991123;29/03/2023;11:58;USUÁRIA SOLICITA COLOCAÇÃO DE LONAS PLASTICAS E CAPINAÇÃO NA BARREIRA.;NOROESTE;NOVA DESCOBERTA;NOVA DESCOBERTA;RUA ALTO DO RESERVATORIO, N281;PRÓXIMO A ENTRADA DO JIQUIRÍ;3;3-NOROESTE;3.1;Não;Ocorrências;;;Não;Não;execucao;ATENDIMENTO;;SEDEC - GERÊNCIA REGIONAL NOROESTE;TRAMITAÇÃO;
2023;03-marco;8024984523;29/03/2023;11:47;USUARIO INFORMA QUE BARREIRA DE GBRANDE PORTE ESTA SEM LONA E UMA PARTE DESABOU E ESTA CAUSANDO INSEGURANCA AOS MORADORES;NOROESTE;NOVA DESCOBERTA;CGO. DO EUCALIPTO;RUA NOVA DESCOBERTA SUBIDA DO PIRAPUI N 64;LOTERIA DA CAIXA DE NOVA DESCOBERTA ,EM CIMA FICA O ALTO DO EUCALIPTO;3;3-NOROESTE;3.1;Não;Ocorrências;;;Não;Não;execucao;ATENDIMENTO;;SEDEC - GERÊNCIA REGIONAL NOROESTE;TRAMITAÇÃO;
2023;03-marco;8024987423;29/03/2023;11:56;SR SOLICITA PARCERIA PARA A CONSTRUÇAO DA FOSSA;NOROESTE;NOVA DESCOBERTA;ALTO DO CRUZEIRO;RUA PEROLA N4857;PROXIMO DO MARCADINHO ATACAREJO;3;3-NOROESTE;3.1;Não;Ocorrências;;;Não;Não;execucao;ATENDIMENTO;;SEDEC - GERÊNCIA REGIONAL NOROESTE;TRAMITAÇÃO;
2023;03-marco;8025015623;29/03/2023;12:26;solicitação de lona;NOROESTE;NOVA DESCOBERTA;NOVA DESCOBERTA;Av chagas ferreira n 518;barraca de benicio;3;3-NOROESTE;3.1;Não;Ocorrências;;;Não;Não;execucao;ATENDIMENTO;;SEDEC - GERÊNCIA REGIONAL NOROESTE;TRAMITAÇÃO;
2023;03-marco;8025032823;29/03/2023;12:57;SRA SOLICITA VISTORIA NA RESIDENCIA QUE ESTA COM RACHADURAS E TEM UMA BARREIRA OFERECENDO RISCO;NORDESTE;NOVA DESCOBERTA;ALTO DO RESERVATORIO;RUA ALTO DO RESERVATORIO N1623;PROXIMO DA COMPESA;3;3-NOROESTE;3.1;Não;Ocorrências;;;Não;Não;execucao;ATENDIMENTO;;SEDEC - GERÊNCIA REGIONAL NORDESTE;TRAMITAÇÃO;
2023;03-marco;8025071323;29/03/2023;13:32;PARCERIA MURO DE ARRIMO;NOROESTE;NOVA DESCOBERTA;NOVA DESCOBERTA;RUA BACATUBA N 65;ESCOLA CRISTIANO MENEZES DE ALBUQUERQUE;3;3-NOROESTE;3.1;Não;Ocorrências;;;Não;Não;execucao;ATENDIMENTO;;SEDEC - GERÊNCIA REGIONAL NOROESTE;TRAMITAÇÃO;
2023;03-marco;8025080223;29/03/2023;13:55;USUÁRIA SOLICITA CAPINAÇÃO E LONA PLASTICA NA BARREIRA.;NOROESTE;NOVA DESCOBERTA;ALTO DR. CAETES;3SUB DO CGO DO LEONCIO N 82;ESCADARIA ANTES DA ESCOLA MUNICIPAL DR CAETES;3;3-NOROESTE;3.1;Não;Ocorrências;;;Não;Não;execucao;ATENDIMENTO;;SEDEC - GERÊNCIA REGIONAL NOROESTE;TRAMITAÇÃO;
2023;03-marco;8025082523;29/03/2023;13:56;lona plastica;NORDESTE;NOVA DESCOBERTA;ALTO DAS QUEIMADAS;SUB DO JOAQUIM N 98 A;PROXIMO DA ESCADARIA DO ZÉ DO PIQUINIQUE;3;3-NOROESTE;3.1;Não;Ocorrências;;;Não;Não;execucao;ATENDIMENTO;;SEDEC - GERÊNCIA REGIONAL NORDESTE;TRAMITAÇÃO;
2023;03-marco;8025086023;29/03/2023;14:00;USUÁRIO SOLICITA VISTORIA PARA PROGRAMA DE PARCERIA.;NOROESTE;NOVA DESCOBERTA;ALTO DR. CAETES;3A SUBIDA CGO DO LEONCIO, 82;PROX ESCOLA ALTO DR CAETES;3;3-NOROESTE;3.1;Não;Ocorrências;;;Não;Não;execucao;ATENDIMENTO;;SEDEC - GERÊNCIA REGIONAL NOROESTE;TRAMITAÇÃO;
2023;03-marco;8025094323;29/03/2023;14:04;colocação de lona . usuário informa que a barreira esta com riscos de deslizamento.usuaria informa que precisa de capinação.;NORDESTE;NOVA DESCOBERTA;CGO. DO JOAQUIM;subida do Joaquim;barraca de zé;3;3-NOROESTE;3.1;Não;Ocorrências;;;Não;Não;execucao;ATENDIMENTO;;SEDEC - GERÊNCIA REGIONAL NORDESTE;TRAMITAÇÃO;
2023;03-marco;8025107823;29/03/2023;14:10;Colocação de lona;NOROESTE;NOVA DESCOBERTA;NOVA DESCOBERTA;PRIMEIRA SUBIDA DO COMISSARIO N.04;POR DE TRÁS DA IGREJA CANAÃ;3;3-NOROESTE;3.1;Não;Ocorrências;;;Não;Não;execucao;ATENDIMENTO;;SEDEC - GERÊNCIA REGIONAL NOROESTE;TRAMITAÇÃO;
2023;03-marco;8025116723;29/03/2023;14:20;COLOCAÇÃO DE LONA PLASTICA EM 2 BARREIRAS DE GRANDE PORTE. PRECISA CAPINAR.;NOROESTE;NOVA DESCOBERTA;ALTO DO LEONARDO;SUBIDA DO RATINHO N373;PROXIMO A ESCOLA TOM E JERRY;3;3-NOROESTE;3.1;Não;Ocorrências;;;Não;Não;execucao;ATENDIMENTO;;SEDEC - GERÊNCIA REGIONAL NOROESTE;TRAMITAÇÃO;
2023;03-marco;8025131623;29/03/2023;14:38;USUÁRIA SOLICITA CAPINAÇÃO E LONA PLASTICA NA BARREIRA.;NOROESTE;NOVA DESCOBERTA;NOVA DESCOBERTA;RUA PIRAPUI N 75;EM FRENTE A  LOTERICA;3;3-NOROESTE;3.1;Não;Ocorrências;;;Não;Não;execucao;ATENDIMENTO;;SEDEC - GERÊNCIA REGIONAL NOROESTE;TRAMITAÇÃO;
2023;03-marco;8025141123;29/03/2023;14:44;USUARIO SOLICITA A COLOCAÇAO DA LONA;NOROESTE;NOVA DESCOBERTA;ALTO DO LEONARDO;SUBIDA DO RATINHO N2112;PROXIMO DA ESCOLA TOM E JERRY;3;3-NOROESTE;3.1;Não;Ocorrências;;;Não;Não;execucao;ATENDIMENTO;;SEDEC - GERÊNCIA REGIONAL NOROESTE;TRAMITAÇÃO;
2023;03-marco;8025144023;29/03/2023;14:44;COLOCAÇÃO DE LONA PLASTICA EM BARREIRA DE GRANDE PORTE. PRECISA CAPINAR.;NORDESTE;NOVA DESCOBERTA;CGO. DA AREIA;AVENIDA JOSELIA N570;NO FINAL DA JOSELIA (LARGUINHO) NA ENTRADA DO COLEGIO MOACIR DE ALBUQUERQUE. (PROCURAR POR JOSÉ CARLOS);3;3-NOROESTE;3.1;Não;Ocorrências;;;Não;Não;execucao;ATENDIMENTO;;SEDEC - GERÊNCIA REGIONAL NORDESTE;TRAMITAÇÃO;
2023;03-marco;8025185923;29/03/2023;15:25;USUÁRIO SOLICITA COLOCAÇÃO DE LONA EM BARREIRA DE MÉDIO PORTE;NOROESTE;NOVA DESCOBERTA;NOVA DESCOBERTA;RUA RIVELANDIA, 54;PRÓXIMO A PAULO BEBIDA;3;3-NOROESTE;3.1;Não;Ocorrências;;;Não;Não;execucao;ATENDIMENTO;;SEDEC - GERÊNCIA REGIONAL NOROESTE;TRAMITAÇÃO;
2023;03-marco;8025189423;29/03/2023;15:31;vistoria para residência  casa com rachaduras e usuaria informa que a casa esta cedendo.;NOROESTE;NOVA DESCOBERTA;NOVA DESCOBERTA;rua porema   n  123;proximo ao terminal do ônibus;3;3-NOROESTE;3.1;Não;Ocorrências;;;Não;Não;execucao;ATENDIMENTO;;SEDEC - GERÊNCIA REGIONAL NOROESTE;TRAMITAÇÃO;
2023;03-marco;8025193123;29/03/2023;15:39;USUÁRIA SOLICITA LONA, BARREIRA NAO PRECISA DE CAPINAÇÃO.;NOROESTE;NOVA DESCOBERTA;ALTO DR. CAETES;RUA ALTO JD PROGRESSO N 06;PROXIMO A BARRACA DE NENA;3;3-NOROESTE;3.1;Não;Ocorrências;;;Não;Não;execucao;ATENDIMENTO;;SEDEC - GERÊNCIA REGIONAL NOROESTE;TRAMITAÇÃO;
2023;03-marco;8025205023;29/03/2023;15:50;USUÁRIO SOLICITA COLOCAÇÃO DE LONAS PLASTICAS NA BARREIRA.;NOROESTE;NOVA DESCOBERTA;NOVA DESCOBERTA;4 TRAVESSA MARIPA, N45;PRÓXIMO AO ARMAZÉM IMPERIO;3;3-NOROESTE;3.1;Não;Ocorrências;;;Não;Não;execucao;ATENDIMENTO;;SEDEC - GERÊNCIA REGIONAL NOROESTE;TRAMITAÇÃO;
2023;03-marco;8025219023;29/03/2023;16:00;USUÁRIA SOLICITA LONA, BARREIRA NAO PRECISA DE CAPINAÇÃO.;NORDESTE;NOVA DESCOBERTA;CGO. DA AREIA;TRV DO NAZARENO  N 52;SUBINDO O CAMPO DA UNIAO;3;3-NOROESTE;3.1;Não;Ocorrências;;;Não;Não;execucao;ATENDIMENTO;;SEDEC - GERÊNCIA REGIONAL NORDESTE;TRAMITAÇÃO;
2023;03-marco;8024737823;29/03/2023;08:05;USUARIO SOLICITA COLOCAÇÃO DE LONA PLASTICA. BARREIRA ALTA.;NORDESTE;PASSARINHO;ALTO SANTA TEREZA;RUA CGO SANTA TEREZA,303;USUARIO SOLICITA COLOCAÇÃO DE LONA PLASTICA.;2;2-NORTE;2.1;Não;Ocorrências;;;Não;Não;execucao;ATENDIMENTO;;SEDEC - GERÊNCIA REGIONAL NORDESTE;TRAMITAÇÃO;
2023;03-marco;8024769723;29/03/2023;08:55;USUARIO INFORMA QUE MURO DE ARRIMO ESTA COM RACHADURAS, INFILTRAÇÕES, RISCODECAIR .SOLICITA VISTORIA;NORDESTE;PASSARINHO;PASSARINHO ALTO;RUA VISCONDE DE GARRETE, 198;NÃO É NEMHUMA LOCALIDADE, NA RUA DO CASTELINHO;2;2-NORTE;2.1;Não;Ocorrências;;;Não;Não;execucao;ATENDIMENTO;;SEDEC - GERÊNCIA REGIONAL NORDESTE;TRAMITAÇÃO;
2023;03-marco;8024908723;29/03/2023;10:41;SOLICITA  VISTORIA,BARREIRA  ESTA DESLIZANDO AOS POUCO. SOLICITA COLOCAÇÃO DE LONA E CAPINAÇÃO.BARREIRA ALTA.;NORDESTE;PASSARINHO;CGO. DA BICA;2A SUBIDA DO CGO DA BICA, 502;PROX FITEIRO DE EVERALDO.;2;2-NORTE;2.1;Não;Ocorrências;;;Não;Não;execucao;ATENDIMENTO;;SEDEC - GERÊNCIA REGIONAL NORDESTE;TRAMITAÇÃO;
2023;03-marco;8025001523;29/03/2023;12:15;USUÁRIO SOLICITA VISTORIA PARA PROGRAMA DE PARCERIA.;NORDESTE;PASSARINHO;ALTO DA TELHA;RUA ALTO DA TELHA N 1016;LARGO DO ALTO DA TELHA;2;2-NORTE;2.1;Não;Ocorrências;;;Não;Não;execucao;ATENDIMENTO;;SEDEC - GERÊNCIA REGIONAL NORDESTE;TRAMITAÇÃO;
2023;03-marco;8025037023;29/03/2023;13:00;USUARIO INFORMA QUE NAO PRECISA DE CAPINACAO E QUE A BARREIRA É DE PORTE MEDIO .;NORDESTE;PASSARINHO;CGO. SANTA TEREZA;RUA CORREGO SANTA TEREZA  N 149;PROXIMO A CARLINHOS DO PORCO;2;2-NORTE;2.1;Não;Ocorrências;;;Não;Não;execucao;ATENDIMENTO;;SEDEC - GERÊNCIA REGIONAL NORDESTE;TRAMITAÇÃO;
2023;03-marco;8025051223;29/03/2023;13:16;vistoria para viabilizar a parceria para construir a barreira.;NORDESTE;PASSARINHO;ALTO DA TELHA;rua alto da telha  n  1013;largo do alto da telha;2;2-NORTE;2.1;Não;Ocorrências;;;Não;Não;execucao;ATENDIMENTO;;SEDEC - GERÊNCIA REGIONAL NORDESTE;TRAMITAÇÃO;
2023;03-marco;8025065323;29/03/2023;13:26;SOLICITA VISTORIA PARA VIABILIZAÇÃO DE CONSTRUÇÃO DE UM MURO DE CONTENÇÃO (PROJETO PARCERIA).;NORDESTE;PASSARINHO;ALTO DA TELHA;RUA ALTO DA TELHA N1014;PROXIMO AO LARGO DO ALTO DA TELHA.;2;2-NORTE;2.1;Não;Ocorrências;;;Não;Não;execucao;ATENDIMENTO;;SEDEC - GERÊNCIA REGIONAL NORDESTE;TRAMITAÇÃO;
2023;03-marco;8025109023;29/03/2023;14:14;Solicitação de lona;NORDESTE;PASSARINHO;ALTO SANTA TEREZA;RUA  DA BARRIGUDA, N 30;PRÓXIMO AO CAMPO BOLA PRETA.;2;2-NORTE;2.1;Não;Ocorrências;;;Não;Não;execucao;ATENDIMENTO;;SEDEC - GERÊNCIA REGIONAL NORDESTE;TRAMITAÇÃO;
2023;03-marco;8025126223;29/03/2023;14:35;USUÁRIO SOLICITA VISTORIA EM BARREIRA POIS INFORMA QUE ESTA COM RISCO DE QUEDA.;NORDESTE;PASSARINHO;ALTO SO NOS DOIS;RUA SO NOS DOIS N 50;RUA NA ENTRADA DA IGREJA CATOLICA SUBINDA A LADEIRA DA AGUA MINERAL;2;2-NORTE;2.1;Não;Ocorrências;;;Não;Não;execucao;ATENDIMENTO;;SEDEC - GERÊNCIA REGIONAL NORDESTE;TRAMITAÇÃO;
2023;03-marco;8025129123;29/03/2023;14:37;COLOCAÇÃO DE LONA PLASTICA EM BARREIRA DE GRANDE PORTE. PRECISA CAPINAR.;NORDESTE;PASSARINHO;CGO. DA BICA;4  TRAVESSA CORREGO DO CARROCEIRO N265;PROXIMO A PADARIA NOTA 10.;2;2-NORTE;2.1;Não;Ocorrências;;;Não;Não;execucao;ATENDIMENTO;;SEDEC - GERÊNCIA REGIONAL NORDESTE;TRAMITAÇÃO;
2023;03-marco;8024725023;29/03/2023;07:36;USUARIO INFORMA QUE MORA NO MEIO DE DUAS BARREIRAS DE GRANDE PORTE ,UMA BARREIRA A LONA RASGOU E A OUTRA ESTA SEM LONA,PRECISA DE CAPINACAO;OESTE;VARZEA;UR 07;RUA SAO VICENTE DE PAULA N 60 B;PROXIMO A BARRACA DE SEU MORAES;4;4-NORDESTE;4.3;Sim;Ocorrências;;;Não;Não;execucao;ATENDIMENTO;;SEDEC - GERÊNCIA REGIONAL OESTE;TRAMITAÇÃO;
2023;03-marco;8024804723;29/03/2023;09:21;USUARIO SOLICITA COLOCAÇAO DE LONAS PLASTICAS;OESTE;VARZEA;UR 07;RUA EXPEDICIONARIO EURIDES FERNANDES, N414;PROXIMO A ANDRE AUTO SERVIÇOS;4;4-NORDESTE;4.3;Não;Ocorrências;;;Não;Não;execucao;ATENDIMENTO;;SEDEC - GERÊNCIA REGIONAL OESTE;TRAMITAÇÃO;
2023;03-marco;8024810723;29/03/2023;09:27;Colocação de lonas plásticas e capinação na barreira.;OESTE;VARZEA;UR 07;RUA SAPUCARANA, N32;DEPOIS DO ATACAREJO;4;4-NORDESTE;4.3;Não;Ocorrências;;;Não;Não;execucao;ATENDIMENTO;;SEDEC - GERÊNCIA REGIONAL OESTE;TRAMITAÇÃO;
2023;03-marco;8025029723;29/03/2023;12:56;COLOCAÇÃO DE LONA PLASTICA EM BARREIRA DE GRANDE PORTE.;OESTE;VARZEA;BARREIRAS;RUA AGUA CLARA N361;PROXIMO AO POSTO DE SAÚDE DA COMUNIDADE DAS BARREIRAS.;4;4-NORDESTE;4.3;Não;Ocorrências;;;Não;Não;execucao;ATENDIMENTO;;SEDEC - GERÊNCIA REGIONAL OESTE;TRAMITAÇÃO;
2023;03-marco;8025034023;29/03/2023;12:58;SOLICITA VISTORIA PARA VIABILIDADE DE PARCERIA NA CONSTRUÇÃO DE UM MURO DE ARRIMO.;OESTE;VARZEA;BARREIRAS;AVENIDA JOAQUIM RIBEIRO N1210;PROXIMO A PRAÇA DAS BARREIRAS.;4;4-NORDESTE;4.3;Não;Ocorrências;;;Não;Não;execucao;ATENDIMENTO;;SEDEC - GERÊNCIA REGIONAL OESTE;TRAMITAÇÃO;
2023;03-marco;8025039223;29/03/2023;13:02;SOLICITA VISTORIA EM SUA RESIDÊNCIA COM MAIS DE 40 ANOS DE CONSTRUIDA. ENCONTRA/SE COM RACHADURAS EM TODA A PARTE ESTRUTURAL DA CASA INCLUINDO INFILTRAÇÕES E GRANDES FISSURAS ENCONTRA/SE EM ESTADO CRITICO.;OESTE;VARZEA;BARREIRAS;RUA CAMINHO DA AREINHA N190;PROXIMO AO MERCADINHO DA AREINHA.;4;4-NORDESTE;4.3;Não;Ocorrências;;;Não;Não;execucao;ATENDIMENTO;;SEDEC - GERÊNCIA REGIONAL OESTE;TRAMITAÇÃO;
2023;03-marco;8025041723;29/03/2023;13:05;SOLICITA VISTORIA PARA VIABILIDADE PARA CONSTRUÇÃO DE FOSSA SEPTICA.;OESTE;VARZEA;BARREIRAS;AVENIDA JOAQUIM RIBEIRO N 1105;PROXIMO A PRAÇA DAS BARREIRAS.;4;4-NORDESTE;4.3;Não;Ocorrências;;;Não;Não;execucao;ATENDIMENTO;;SEDEC - GERÊNCIA REGIONAL OESTE;TRAMITAÇÃO;
2023;03-marco;8025045223;29/03/2023;13:08;COLOCAÇÃO DE LONA PLASTICA EM BARREIRA DE GRANDE PORTE. PRECISA CAPINAR.;OESTE;VARZEA;BARREIRAS;RUA FRANCISCO LEOPOLDINO N405;NA ENTRADA DO POSTO DISLUB.;4;4-NORDESTE;4.3;Não;Ocorrências;;;Não;Não;execucao;ATENDIMENTO;;SEDEC - GERÊNCIA REGIONAL OESTE;TRAMITAÇÃO;
2023;03-marco;8025047523;29/03/2023;13:11;SOLICITA VISTORIA PARA VIABILIZAÇÃO DE CONTRUÇÃO DE FOSSA SEPTICA. (PROJETO PARCERIA).;OESTE;VARZEA;BARREIRAS;RUA MATA GRANDE N220;PROXIMO AO BAR DO MARIO.;4;4-NORDESTE;4.3;Não;Ocorrências;;;Não;Não;execucao;ATENDIMENTO;;SEDEC - GERÊNCIA REGIONAL OESTE;TRAMITAÇÃO;
2023;03-marco;8025049823;29/03/2023;13:14;SOLICITA VISTORIA PARA VIABILIZAÇÃO DE CONSTRUÇÃO DE UM MURO DE ARRIMO (PROJETO PARCERIA);OESTE;VARZEA;BARREIRAS;RUA CAMINHO DA AREINHA N53;PROXIMO AO BAR DO MARIO.;4;4-NORDESTE;4.3;Não;Ocorrências;;;Não;Não;execucao;ATENDIMENTO;;SEDEC - GERÊNCIA REGIONAL OESTE;TRAMITAÇÃO;
2023;03-marco;8025053523;29/03/2023;13:17;SOLICITA VISTORIA PARA VIABILIDADE DE CONSTRUÇÃO DE UM MURO DE ARRIMO (PROJETO PARCERIA).;OESTE;VARZEA;UR 07;RUA SOLDADO GREGORIO VILALVA N28G;PROXIMO A BARRACA DA TANIA;4;4-NORDESTE;4.3;Não;Ocorrências;;;Não;Não;execucao;ATENDIMENTO;;SEDEC - GERÊNCIA REGIONAL OESTE;TRAMITAÇÃO;
2023;03-marco;8025058723;29/03/2023;13:20;SOLICITA VISTORIA PARA VIABILIZAÇÃO DE CONSTRUÇÃO DE FOSSA SEPTICA (PROJETO PARCERIA);OESTE;VARZEA;UR 07;RUA GREGORIO SOLDADO VILALVA N28;PROXIMO A BARRACA DA TANIA;4;4-NORDESTE;4.3;Não;Ocorrências;;;Não;Não;execucao;ATENDIMENTO;;SEDEC - GERÊNCIA REGIONAL OESTE;TRAMITAÇÃO;
2023;03-marco;8025104923;29/03/2023;14:08;SOLICITA COLOCAÇÃO DE LONA PLASTICA EM BARREIRA DE MEDIO PORTE.;OESTE;VARZEA;BARREIRAS;RUA AGUAS CLARAS N98;PROXIMO AO POSTO DE SAÚDE DE BARREIRAS. RUA SEM SAÍDA.;4;4-NORDESTE;4.3;Não;Ocorrências;;;Não;Não;execucao;ATENDIMENTO;;SEDEC - GERÊNCIA REGIONAL OESTE;TRAMITAÇÃO;
2023;03-marco;8024752723;29/03/2023;08:35;SOLICITA VISTORIA EM BARREIRA PARA PARCEIRIA;NOROESTE;VASCO DA GAMA;ALTO DO EUCALIPTO;3 TRV CAMBORIU N58;PROXIMO A BARRACA DE SEU PEDRO;3;3-NOROESTE;3.2;Não;Ocorrências;;;Não;Não;execucao;ATENDIMENTO;;SEDEC - GERÊNCIA REGIONAL NOROESTE;TRAMITAÇÃO;
2023;03-marco;8024806023;29/03/2023;09:22;SOLICITA A COLOCAÇÃO DE LONA PLASTICA EM BARREIRA DE GRANDE PORTE, COM NECESSIDADE DE CAPINAÇÃO;NOROESTE;VASCO DA GAMA;ALTO DO EUCALIPTO;RUA DIADEMA, N66;PROXIMO A IGREJA ASSEMBLEIA DE DEUS;3;3-NOROESTE;3.2;Não;Ocorrências;;;Não;Não;execucao;ATENDIMENTO;;SEDEC - GERÊNCIA REGIONAL NOROESTE;TRAMITAÇÃO;
2023;03-marco;8024854423;29/03/2023;10:10;USUÁRIA SOLICITA COLOCAÇÃO DE LONAS PLASTICAS E CAPINAÇÃO NA BARREIRA.;NOROESTE;VASCO DA GAMA;VISGUEIRO;RUA VASCO DA GAMA, N 1974C;POR TRÁS DO OLIVEIRA BIKE;3;3-NOROESTE;3.2;Não;Ocorrências;;;Não;Não;execucao;ATENDIMENTO;;SEDEC - GERÊNCIA REGIONAL NOROESTE;TRAMITAÇÃO;
2023;03-marco;8024914723;29/03/2023;10:43;USUARIO INFORMA QUE BARREIRA DE MEDIO PORTE ESTA SEM LONA E A BARREIRA DA VIZINHA ESTA CAUSANDO PERIGO POR TRAS DE SUA RESIDENCIA;NOROESTE;VASCO DA GAMA;ALTO DO EUCALIPTO;EVERARDO VASCONSCELOS N 212 A;AO LADO DO ARMAZEM DE BETO;3;3-NOROESTE;3.2;Não;Ocorrências;;;Não;Não;execucao;ATENDIMENTO;;SEDEC - GERÊNCIA REGIONAL NOROESTE;TRAMITAÇÃO;
2023;03-marco;8024941423;29/03/2023;11:03;USUARIO  INFORMA QUE VIZINHO CONSTRUIU FOSSA EM CIMA DE MURO  DE ARRIMO ,ESTA COM RACHADURAS E INFILTRAÇÕES. SOLICITA VISTORIA.;NOROESTE;VASCO DA GAMA;VASCO DA GAMA;TRAV MONTE BELO,49;PROX  POSTO DESAUDE CLEMENTINO FLAGRA.;3;3-NOROESTE;3.2;Não;Ocorrências;;;Não;Não;execucao;ATENDIMENTO;;SEDEC - GERÊNCIA REGIONAL NOROESTE;TRAMITAÇÃO;
2023;03-marco;8025098923;29/03/2023;14:05;COLOCAÇÃO DE LONA PLASTICA EM BARREIRA DE GRANDE PORTE. PRECISA CAPINAR.;NOROESTE;VASCO DA GAMA;ALTO DO EUCALIPTO;RUA LACERDOPOLIS N130;PROXIMO AO USF ALTO DO EUCALIPTO.;3;3-NOROESTE;3.2;Não;Ocorrências;;;Não;Não;execucao;ATENDIMENTO;;SEDEC - GERÊNCIA REGIONAL NOROESTE;TRAMITAÇÃO;
2023;03-marco;8025136823;29/03/2023;14:40;USUÁRIA SOLICITA CAPINAÇÃO E LONA PLASTICA NA BARREIRA.;NOROESTE;VASCO DA GAMA;CGO. DO BOTIJAO;RUA DA CAROLA N 158;NA SUBIDA DA TRAVESSA ONAI;3;3-NOROESTE;3.2;Não;Ocorrências;;;Não;Não;execucao;ATENDIMENTO;;SEDEC - GERÊNCIA REGIONAL NOROESTE;TRAMITAÇÃO;
2023;03-marco;8025179923;29/03/2023;15:22;SRA SOLICITA VISTORIA NUMA CONSTRUÇAO QUE ESTA SENDO FEITA NA BARREIRA, A COLOCAÇAO DA LONA E CAPINAÇAO;NOROESTE;VASCO DA GAMA;CGO. DO CARUA;RUA CORREGO DO CARUA N326;PROXIMO DO CARUA BURG;3;3-NOROESTE;3.2;Não;Ocorrências;;;Não;Não;execucao;ATENDIMENTO;;SEDEC - GERÊNCIA REGIONAL NOROESTE;TRAMITAÇÃO;
2023;03-marco;8025187123;29/03/2023;15:30;SRA SOLICITA VISTORIA NA BARREIRA ONDE ESTA SENDO REALIZADA UMA CONSTRUÇAO IRREGULAR;NOROESTE;VASCO DA GAMA;CGO. DO CARUA;RUA PIRIZAL N326;PROXIMO DA HAMBURGARIA;3;3-NOROESTE;3.2;Não;Ocorrências;;;Não;Não;execucao;ATENDIMENTO;;SEDEC - GERÊNCIA REGIONAL NOROESTE;TRAMITAÇÃO;
2023;03-marco;8024912423;29/03/2023;10:42;USUÁRIA SOLICITA COLOCAÇÃO DE LONAS PLASTICAS E CAPINAÇÃO NA BARREIRA.;PLANICIE;ZUMBI;ZUMBI;RUA LAGOA ZUMBI DO PACHECO, N05;PRÓXIMO AO ARMAZÉM MONTE SINAI;4;4-NORDESTE;4.1;Não;Ocorrências;;;Não;Não;execucao;ATENDIMENTO;;SEDEC - GERÊNCIA REGIONAL PLANICIE;TRAMITAÇÃO;
